# 数据报表创建

MySQL创建数据表需要以下信息：

- 表名
- 表字段名
- 定义每个表字段

语法：

```sql
create table tanle_name (column_name cloumn_type);
```

示例：

```sql
create table if not exists `student_tbl`(
	`student_id` int unsigned auto_increment,
    `name` varchar(6) not null,
    `age` int not null,
    `sex` varchar(1) not null,
    primary key (`student_id`)
)engine=InnoDB default charset=utf8;
```

实例解析：

- 不想字段的值为NULL，可设置字段属性为NOT NULL,在操作数据库时如果输入该字段的数据为NULL,就会报错。
- atto_increment定义列为自增的属性，一般用于自增主键；
- primary key 关键字定义列为主键，可以定义多列为主键，列间用逗号隔开。
- engine设置存储引擎，charset设置编码。

# 数据表删除

语法：

```sql
drop table 数据表名;
```



# 插入表数据(insert into)

MySQL 表中使用 **INSERT INTO** SQL语句来插入数据。

单条/多条数据插入语法：

```sql
insert into 数据表名 (字段名1,字段名2，字段名3...)
					values
					(值1,值2,值3...),
					....,
					(值4,值5,值6...);
```

示例，往student_dbl中插入3条记录：

```sql
insert into student_tbl (student_id,name,age,sex)
						values
						('1','张三','18','男'),
						('2','李四','20','男'),
						('3','菜花','29','女');
```

select查询出student_tbl表的所有数据：

```sh
mysql> select * from student_tbl;
+------------+--------+-----+-----+
| student_id | name   | age | sex |
+------------+--------+-----+-----+
|          1 | 张三   |  18 | 男  |
|          2 | 李四   |  20 | 男  |
|          3 | 菜花   |  29 | 女  |
+------------+--------+-----+-----+
3 rows in set (0.00 sec)

```



# 查询表数据(select)

select语法：

```sql
select column_name,column_name
from table_name
[where clause]
[limit n][offset M]
```

- 查询语句中你可以使用一个或多个表，表之间用逗号分割，并使用where设定查询条件语句。
- select命令可以读取一条或多条记录。
- `*`可代替所有要查询的字段，select会返回表的所有字段数据。
- where语句包含任何条件
- limit 属性设定返回的记录数
- offset指定select语句开始查询的数据偏移量。默认为0。



示例，limit关键字使得select语句返回四条记录：

```tex
mysql> select * from student_tbl limit 0,4;
+------------+--------+-----+-----+
| student_id | name   | age | sex |
+------------+--------+-----+-----+
|          1 | 张三   |  18 | 男  |
|          2 | 李四   |  20 | 男  |
|          3 | 菜花   |  29 | 女  |
|          4 | 张说   |  18 | 男  |
+------------+--------+-----+-----+
4 rows in set (0.00 sec)

```



# where 子句

语法：

select语句中使用where子句从数据表中读取数据：

```sql
select field1,field2,field3...fieldN
from table1,table2,table3...
[where condition1][and [or]] condition2......
```

- 查询语句中，多字段和多表间用逗号隔开
- where指定任何条件
- and 或 or 指定一个或多个条件
- where 也能用于update和delete命令。

 可用于where子句中的操作符：

| 操作符 | 描述                                                         | 实例                 |
| ------ | ------------------------------------------------------------ | -------------------- |
| =      | 等号，检测两个值是否相等，如果相等返回true                   | (A = B) 返回false。  |
| <>, != | 不等于，检测两个值是否相等，如果不相等返回true               | (A != B) 返回 true。 |
| >      | 大于号，检测左边的值是否大于右边的值, 如果左边的值大于右边的值返回true | (A > B) 返回false。  |
| <      | 小于号，检测左边的值是否小于右边的值, 如果左边的值小于右边的值返回true | (A < B) 返回 true。  |
| >=     | 大于等于号，检测左边的值是否大于或等于右边的值, 如果左边的值大于或等于右边的值返回true | (A >= B) 返回false。 |
| <=     | 小于等于号，检测左边的值是否小于或等于右边的值, 如果左边的值小于或等于右边的值返回true | (A <= B) 返回 true。 |

示例：

查询student中，年龄大于18的学生：

```sql
select * from student_tbl where age > 10;
```

查询student中，大于18岁且姓张的学生：

```sql
select * from student_tbl where name like '张%' and age > 18;
```

# update更新语句

修改数据表中的数据，update语法：

```sql
update 数据表名 set 字段1=值1,字段2=值2
[where子句]
```

- 可以更新一个或多个字段的值
- 后可接where条件语句
- 可在一个单独表中同时更新数据。

示例：

把姓张的学生年龄，全部改为22岁。

```sql
update student_tbl set age='22' where name like '张%';
```



# delete删除语句

删除数据表中的数据,语法：

```sql
delete from 数据表名 [where子句]
```

- 后不接where，数据表的所有记录会被删除
- where子句指定条件
- 可单个表中一次性删除记录

示例：

```sql
delete from student_tbl where name = '小名';
```



# like子句

select语句中可用like实现模糊查询，`%`字符用来匹配任意字符。

语法：

```sql
select field1,field2...
from table_name
where field1 like '张%' [and [or]] file2='xxx';
```

- like通常与`%`一起使用，类似元字符的搜索。
- like可代替等号`=`
- like可在where子句中使用
- like也可以在delete和update命令中使用



# union结果连接操作符

union操作符用于连接两个以上的select语句的结果组合到一个结果集中 。多个select语句会删除重复的数据。

语法：

```sql
select expression1,expression2,expression3..
from tables
[where子句]
union [all | distinct]
select expression1,expression2,expression3..
from tables
[where子句]
```

- **expression1, expression2, ... expression_n**: 要检索的列。
- tables 要检索的表
- where 接条件子句
- distinct 可选项，删除结果集中重复的数据，默认情况下union已经删除了重复的数据，因此，distinct修饰词对union不影响
- all 可选，返回所有结果集，包含重复的数据。

> **UNION 语句**：用于将不同表中相同列中查询的数据展示出来；（不包括重复数据）
>
> **UNION ALL 语句**：用于将不同表中相同列中查询的数据展示出来；（包括重复数据）
>
> 如下：
>
> ```sql
> SELECT 列名称 FROM 表名称 UNION SELECT 列名称 FROM 表名称 ORDER BY 列名称；
> SELECT 列名称 FROM 表名称 UNION ALL SELECT 列名称 FROM 表名称 ORDER BY 列名称；
> ```

# order by 排序

select语句可后接`order by`子句来对读取的数据进行排序。

它指定按哪个字段哪种方式进行排序，再返回搜索结果。

语法：

```sql
select field1,field2..
from table_names
order by field [ASC [DESC]],[field2...][ASC[DESC]]
```

- 可设任何字段做排序条件，先排序后返回结果
- 默认ASC升序，DESC降序。

示例：

让学生信息按名字升序排序(这个按utf8编码大小排序)：

````sql
select * from student_tbl order by name asc;
````



按中国拼命排序，需要convert()转换成gbk码。

```sql
select * from student_tbl order by convert(name using gbk);
```

>
>
>注意：**MySQL 拼音排序**
>
>如果字符集采用的是 gbk(汉字编码字符集)，直接在查询语句后边添加 ORDER BY：
>
>```sql
>select * from table_name order by XXX;
>```
>
>如果字符集采用的是 utf8(万国码)，需要先对字段进行转码然后排序：
>
>```sql
>select * from table_name order by convert(XXX using gbk);
>```



# group by 分组语句

group by 根据一个或多个列对结果集进行分组。

在分组的列上我们可以使用count,sum,avg,等函数。

语法：

```sql
select column_name,function(column_name)
from table_name
where column_name operator value
group by column_name;
```



示例：

```sql
SET NAMES utf8;
SET FOREIGN_KEY_CHECKS = 0;

-- ----------------------------
--  Table structure for `employee_tbl`
-- ----------------------------
DROP TABLE IF EXISTS `employee_tbl`;
CREATE TABLE `employee_tbl` (
  `id` int(11) NOT NULL,
  `name` char(10) NOT NULL DEFAULT '',
  `date` datetime NOT NULL,
  `singin` tinyint(4) NOT NULL DEFAULT '0' COMMENT '登录次数',
  PRIMARY KEY (`id`)
) ENGINE=InnoDB DEFAULT CHARSET=utf8;

-- ----------------------------
--  Records of `employee_tbl`
-- ----------------------------
BEGIN;
INSERT INTO `employee_tbl` VALUES ('1', '小明', '2016-04-22 15:25:33', '1'), ('2', '小王', '2016-04-20 15:25:47', '3'), ('3', '小丽', '2016-04-19 15:26:02', '2'), ('4', '小王', '2016-04-07 15:26:14', '4'), ('5', '小明', '2016-04-11 15:26:40', '4'), ('6', '小明', '2016-04-04 15:26:54', '2');
COMMIT;

SET FOREIGN_KEY_CHECKS = 1;
```

数据结果：

```text
mysql> select * from employee_tbl
    -> ;
+----+--------+---------------------+--------+
| id | name   | date                | singin |
+----+--------+---------------------+--------+
|  1 | 小明   | 2016-04-22 15:25:33 |      1 |
|  2 | 小王   | 2016-04-20 15:25:47 |      3 |
|  3 | 小丽   | 2016-04-19 15:26:02 |      2 |
|  4 | 小王   | 2016-04-07 15:26:14 |      4 |
|  5 | 小明   | 2016-04-11 15:26:40 |      4 |
|  6 | 小明   | 2016-04-04 15:26:54 |      2 |
+----+--------+---------------------+--------+
6 rows in set (0.00 sec)

```

接下来我们使用 GROUP BY 语句 将数据表按名字进行分组，并统计每个人有多少条记录：

```sql
select * name,count(*) 
from employee_tbl
group by name;

```

运行结果：

```text
mysql> select name,count(*) from employee_tbl group by name;
+--------+----------+
| name   | count(*) |
+--------+----------+
| 小明   |        3 |
| 小王   |        2 |
| 小丽   |        1 |
+--------+----------+
3 rows in set (0.00 sec)

```

**使用 WITH ROLLUP**

whit rollup 可以实现分组统计数据基础上再进行相同的统计（sum,avg,count...）。

根据上面，例如我们将以上的数据表按名字进行分组，再统计每个人登录的次数：

```sql
select name,sum(singin) as singin_count 
from employee_tbl group by name with rollup;
```

结果：

```txt
mysql> select name,sum(singin) as singin_count
    -> from employee_tbl group by name with rollup;
+--------+--------------+
| name   | singin_count |
+--------+--------------+
| 小丽   |            2 |
| 小明   |            7 |
| 小王   |            7 |
| NULL   |           16 |
+--------+--------------+

```

其中记录 NULL  表示所有人的登录次数。

我们可以使用 coalesce 来设置一个可以取代 NUll 的名称，coalesce 语法：

```sql
select coalesce(a,b,c);

```

参数说明：如果a==null,则选择b；如果b==null,则选择c；如果a!=null,则选择a；如果a b c 都为null ，则返回为null（没意义）。

以下实例中如果名字为空我们使用总数代替：

```sql
select coalesce(name,"总数")，sum(singin) as singin_count from employee_tbl group by name with rollup;
```

结果：

```txt
mysql> select coalesce(name,"总数"),sum(singin) as singin_count from employee_tbl group by name with rollup;
+-------------------------+--------------+
| coalesce(name,"总数")   | singin_count |
+-------------------------+--------------+
| 小丽                    |            2 |
| 小明                    |            7 |
| 小王                    |            7 |
| 总数                    |           16 |
+-------------------------+--------------+
4 rows in set (0.00 sec)

```



# join连接语句

join支持两个或多个表中查询数据。

可以在 SELECT, UPDATE 和 DELETE 语句中使用 Mysql 的 JOIN 来联合多表查询。

join按功能分三类：

- inner join : 内连接，获取两个表中字段匹配关系的记录。
- left join : 左连接，获取左表所有记录，即使右边没有对应的匹配记录。
- right join:右连接，获取右边所有记录，即使左表没有对应匹配的记录。

